Time,Symbol,Side,Size,Entry Price,Exit Price,Exit Reason,Duration,ROE %,PnL USDT,Win/Loss
2026-07-29 19:26:40,BTCUSDT,LONG,0.0009,64316.90,64397.00,SIGNAL_EXIT,655.3s,0.12,0.0489,Win
2026-07-29 19:39:26,BTCUSDT,LONG,0.0009,64316.90,64461.80,SIGNAL_EXIT,15.6s,0.23,0.1072,Win
2026-07-29 21:47:04,BTCUSDT,LONG,0.0009,64316.90,63946.20,STOP_LOSS,1.3s,-0.58,-0.3567,Loss
2026-07-29 22:46:45,BTCUSDT,LONG,0.0009,63941.60,63832.80,SIGNAL_EXIT,37.8s,-0.17,-0.1209,Loss
2026-07-29 23:26:09,BTCUSDT,LONG,0.0009,63941.60,64031.80,TAKE_PROFIT,286.5s,0.14,0.0581,Win
2026-07-29 23:26:09,BTCUSDT,LONG,0.0009,64031.80,64031.80,TAKE_PROFIT,240ms,0.00,-0.0231,Loss
2026-07-29 23:55:47,BTCUSDT,SHORT,0.0009,64179.66,64112.70,TAKE_PROFIT,18.7s,0.10,-0.0034,Loss
2026-07-29 23:57:15,BTCUSDT,SHORT,0.0009,64113.10,64049.60,TAKE_PROFIT,84.2s,0.10,0.0341,Win
2026-08-02 23:26:48,ETHUSDT,SHORT,0.0220,1873.51,1867.13,SIGNAL_EXIT,3086.7s,0.34,0.1673,Win
2026-08-03 00:01:19,ETHUSDT,LONG,0.0160,1867.13,1863.41,SIGNAL_EXIT,2070.8s,-0.20,-0.0714,Loss
2026-08-03 00:50:08,ETHUSDT,SHORT,0.0960,1864.56,1876.55,STOP_LOSS,3.0s,-0.64,-1.2229,Loss
2026-08-03 19:56:41,ETHUSDT,SHORT,1.1120,1835.40,1855.40,STOP_LOSS,1.3s,-1.09,-23.0612,Loss
2026-08-05 13:49:36,ETHUSDT,SHORT,0.3260,1864.07,1868.78,STOP_LOSS,59.8s,-0.25,-1.7791,Loss
2026-08-05 21:14:39,ETHUSDT,LONG,0.0240,1874.62,1877.42,BREAK_EVEN_STOP_LOSS,1381.4s,0.15,0.0492,Win
2026-08-05 21:20:06,ETHUSDT,SHORT,0.0380,1877.83,1876.20,SIGNAL_EXIT,142.9s,0.09,0.0334,Win
2026-08-05 21:34:27,ETHUSDT,LONG,0.0380,1875.05,1875.21,SIGNAL_EXIT,741.4s,0.01,-0.0285,Loss
2026-08-05 21:45:51,ETHUSDT,SHORT,0.0270,1877.96,1881.41,STOP_LOSS,550.1s,-0.18,-0.0734,Loss
2026-08-05 21:47:20,ETHUSDT,LONG,0.0240,1881.59,1881.11,SIGNAL_EXIT,88.6s,-0.03,-0.0322,Loss
2026-08-05 21:51:58,ETHUSDT,SHORT,0.0180,1882.02,1887.23,STOP_LOSS,278.3s,-0.28,-0.1036,Loss
2026-08-05 22:17:51,ETHUSDT,LONG,0.0380,1890.39,1889.13,STOP_LOSS,1207.4s,-0.07,-0.2100,Loss
2026-08-05 22:26:30,ETHUSDT,LONG,0.0380,1888.92,1889.81,SIGNAL_EXIT,473.8s,0.05,0.0051,Win
2026-08-05 22:30:25,ETHUSDT,SHORT,0.0140,1890.80,1895.17,STOP_LOSS,235.2s,-0.23,-0.0343,Loss
2026-08-05 22:51:04,ETHUSDT,LONG,0.0240,1895.17,1891.32,BREAK_EVEN_STOP_LOSS,1238.9s,-0.20,-0.1106,Loss
2026-08-05 23:08:39,ETHUSDT,LONG,0.0240,1890.74,1897.04,TAKE_PROFIT,1015.4s,0.33,0.1330,Win
2026-08-06 01:51:31,ETHUSDT,LONG,0.0070,1917.75,1919.88,BREAK_EVEN_STOP_LOSS,3929.5s,0.11,0.0095,Win
2026-08-06 02:18:04,ETHUSDT,LONG,0.0310,1919.01,1921.38,BREAK_EVEN_STOP_LOSS,1179.9s,0.12,0.0496,Win
2026-08-06 02:34:04,ETHUSDT,LONG,0.0380,1919.37,1910.67,STOP_LOSS,744.3s,-0.45,-0.3596,Loss
2026-08-06 02:39:49,ETHUSDT,SHORT,0.0380,1908.97,1909.97,SIGNAL_EXIT,209.2s,-0.05,-0.0670,Loss
2026-08-06 02:43:27,ETHUSDT,SHORT,0.0140,1912.64,1915.16,STOP_LOSS,20.8s,-0.13,-0.0459,Loss
2026-08-06 02:43:29,ETHUSDT,LONG,0.0240,1915.16,1915.49,SIGNAL_EXIT,2.1s,0.02,-0.0105,Loss
2026-08-06 03:03:20,ETHUSDT,SHORT,0.0030,1914.31,1908.54,TAKE_PROFIT,1190.8s,0.30,0.0088,Win
2026-08-06 06:56:00,ETHUSDT,LONG,0.0380,1910.38,1905.27,STOP_LOSS,12916.1s,-0.27,-0.2231,Loss
2026-08-06 07:49:16,ETHUSDT,SHORT,0.0220,1905.97,1902.04,TAKE_PROFIT,3036.5s,0.21,-0.0079,Loss
2026-08-06 07:50:38,ETHUSDT,LONG,0.0090,1902.04,1897.30,STOP_LOSS,82.1s,-0.25,-0.0495,Loss
2026-08-06 08:08:29,ETHUSDT,SHORT,0.0190,1898.14,1896.29,BREAK_EVEN_STOP_LOSS,1071.0s,0.10,0.0017,Win
2026-08-06 08:19:28,ETHUSDT,LONG,0.0380,1896.29,1898.95,SIGNAL_EXIT,659.4s,0.14,0.0722,Win
2026-08-06 09:46:28,ETHUSDT,SHORT,0.0070,1897.87,1900.98,STOP_LOSS,5219.6s,-0.16,-0.0057,Loss
2026-08-06 09:56:29,ETHUSDT,LONG,0.0170,1900.98,1903.17,TAKE_PROFIT,601.1s,0.12,0.0243,Win
2026-08-06 13:12:32,ETHUSDT,LONG,0.0380,1912.07,1906.81,STOP_LOSS,58.1s,-0.28,-0.2289,Loss
2026-08-06 13:37:28,ETHUSDT,LONG,0.0380,1906.81,1910.34,SIGNAL_EXIT,1108.0s,0.19,0.1051,Win
2026-08-06 14:44:26,ETHUSDT,LONG,0.0380,1914.61,1906.71,STOP_LOSS,1885.3s,-0.41,-0.4348,Loss
2026-08-06 16:31:42,ETHUSDT,SHORT,0.0310,1907.82,1899.27,TAKE_PROFIT,4720.2s,0.45,0.2415,Win
2026-08-06 18:25:20,ETHUSDT,SHORT,0.0380,1904.79,1901.29,SIGNAL_EXIT,1093.8s,0.18,0.1041,Win
2026-08-06 18:36:33,ETHUSDT,LONG,0.0380,1901.29,1896.71,STOP_LOSS,672.5s,-0.24,-0.2029,Loss
2026-08-06 18:39:07,ETHUSDT,SHORT,0.0380,1896.71,1894.46,TAKE_PROFIT,153.7s,0.12,0.0567,Win
2026-08-06 19:11:30,ETHUSDT,SHORT,0.0200,1896.99,1901.00,STOP_LOSS,1817.8s,-0.21,-0.0614,Loss
2026-08-06 19:11:36,ETHUSDT,LONG,0.0110,1901.00,1903.95,TAKE_PROFIT,6.1s,0.16,0.0241,Win
2026-08-06 19:11:37,ETHUSDT,SHORT,0.0200,1903.95,1903.99,STOP_LOSS,578ms,-0.00,-0.0160,Loss
2026-08-06 19:24:48,ETHUSDT,LONG,0.0380,1904.01,1907.05,SIGNAL_EXIT,739.1s,0.16,0.0865,Win
2026-08-06 20:12:08,ETHUSDT,SHORT,0.0290,1910.41,1913.22,STOP_LOSS,2133.3s,-0.15,-0.0721,Loss
2026-08-06 20:30:19,ETHUSDT,LONG,0.0380,1911.95,1914.75,SIGNAL_EXIT,664.2s,0.15,0.0773,Win
2026-08-06 21:01:53,ETHUSDT,SHORT,0.0290,1914.98,1917.71,STOP_LOSS,1613.7s,-0.14,-0.0356,Loss
2026-08-06 21:44:42,ETHUSDT,LONG,0.0380,1917.71,1907.91,STOP_LOSS,2568.2s,-0.51,-0.4014,Loss
2026-08-06 22:31:10,ETHUSDT,LONG,0.0310,1908.19,1915.82,TAKE_PROFIT,2683.7s,0.40,0.2128,Win
2026-08-06 23:10:57,ETHUSDT,LONG,0.0380,1914.64,1910.79,STOP_LOSS,435.5s,-0.20,-0.1753,Loss
2026-08-07 00:09:57,ETHUSDT,LONG,0.0380,1907.35,1905.63,STOP_LOSS,3451.7s,-0.09,-0.0944,Loss
2026-08-07 00:23:17,ETHUSDT,SHORT,0.0090,1906.38,1904.26,TAKE_PROFIT,360.4s,0.11,0.0122,Win
2026-08-07 00:40:16,ETHUSDT,LONG,0.0090,1903.32,1907.72,SIGNAL_EXIT,747.7s,0.23,0.0327,Win
2026-08-07 04:52:23,ETHUSDT,SHORT,0.0200,1907.72,1900.10,TAKE_PROFIT,15126.8s,0.40,0.1372,Win
2026-08-07 05:08:12,ETHUSDT,LONG,0.0380,1900.10,1898.75,STOP_LOSS,949.5s,-0.07,-0.0802,Loss
2026-08-07 06:33:28,ETHUSDT,SHORT,0.0290,1902.69,1905.63,STOP_LOSS,3382.4s,-0.15,-0.1065,Loss
2026-08-07 06:33:44,ETHUSDT,LONG,0.0290,1905.63,1905.96,SIGNAL_EXIT,16.1s,0.02,-0.0125,Loss
2026-08-07 09:32:03,ETHUSDT,LONG,0.0090,1898.55,1895.38,STOP_LOSS,6639.5s,-0.17,-0.0354,Loss
2026-08-07 10:09:03,ETHUSDT,SHORT,0.0290,1895.38,1897.17,SIGNAL_EXIT,2220.4s,-0.09,-0.0739,Loss
2026-08-07 10:21:27,ETHUSDT,LONG,0.0090,1897.17,1896.36,SIGNAL_EXIT,743.3s,-0.04,-0.0141,Loss
2026-08-07 10:22:52,ETHUSDT,SHORT,0.0290,1896.36,1895.18,TAKE_PROFIT,85.8s,0.06,0.0122,Win
2026-08-07 10:44:11,ETHUSDT,LONG,0.0090,1895.18,1898.13,SIGNAL_EXIT,1279.1s,0.16,0.0197,Win
2026-08-07 11:35:56,ETHUSDT,SHORT,0.0200,1898.13,1901.13,STOP_LOSS,3104.9s,-0.16,-0.0752,Loss
2026-08-07 11:44:48,ETHUSDT,LONG,0.0380,1901.13,1902.30,SIGNAL_EXIT,532.1s,0.06,0.0155,Win
2026-08-07 11:46:09,ETHUSDT,SHORT,0.0090,1902.30,1903.32,STOP_LOSS,79.6s,-0.05,-0.0160,Loss
2026-08-07 11:54:28,ETHUSDT,LONG,0.0310,1903.32,1904.81,TAKE_PROFIT,499.4s,0.08,0.0226,Win
